<?xml version = '1.0' encoding = 'UTF-8'?>
<Diagram class="oracle.dbtools.crest.swingui.logical.DPVLogical" name="Logical" id="FABA089A-DC26-902E-A525-7A96345C0792">
<createdBy>marti</createdBy>
<modifiedBy>marti</modifiedBy>
<createdTime>2024-02-15 16:03:25 UTC</createdTime>
<autoRoute>false</autoRoute>
<boxInbox>true</boxInbox>
<showLegend>false</showLegend>
<showLabels>false</showLabels>
<showRelAttributes>false</showRelAttributes>
<gridEnabled>false</gridEnabled>
<showGrid>false</showGrid>
<diagramColor>-1</diagramColor>
<display>false</display>
<notation>1</notation>
<objectViews>
<OView class="oracle.dbtools.crest.swingui.logical.TVEntity" oid="0B777742-3B88-FE57-0C93-AFA895EAA31F" otype="Entity" vid="57AE500A-C214-E1C2-EA73-A5C6512A2FF1">
<hideElementsInCurrentOnly>false</hideElementsInCurrentOnly>
<bounds x="248" y="466" width="96" height="48"/>
</OView>
<OView class="oracle.dbtools.crest.swingui.logical.TVEntity" oid="381B72F9-65A5-03A4-C134-A7639CE37DE9" otype="Entity" vid="85C1FD7B-9401-49C6-DFE1-D2C9836BBFB3">
<hideElementsInCurrentOnly>false</hideElementsInCurrentOnly>
<bounds x="355" y="389" width="112" height="97"/>
</OView>
<OView class="oracle.dbtools.crest.swingui.logical.TVEntity" oid="42F2EF53-FE98-D09D-2174-9942080788B2" otype="Entity" vid="6719C5A5-71DF-BDD0-180F-6FAAB550761C">
<hideElementsInCurrentOnly>false</hideElementsInCurrentOnly>
<bounds x="792" y="428" width="170" height="110"/>
</OView>
<OView class="oracle.dbtools.crest.swingui.logical.TVEntity" oid="54DD238B-AE1C-319B-173D-B38439F83B72" otype="Entity" vid="FA6CE3F9-E878-7AA8-0B60-3DC0DF2AA057">
<hideElementsInCurrentOnly>false</hideElementsInCurrentOnly>
<bounds x="802" y="606" width="170" height="110"/>
</OView>
<OView class="oracle.dbtools.crest.swingui.logical.TVEntity" oid="B86C74D8-0A2D-902B-10A5-29DC4B952677" otype="Entity" vid="EF8A0E7C-0526-026D-8231-B3BA347BCFE7">
<hideElementsInCurrentOnly>false</hideElementsInCurrentOnly>
<bounds x="675" y="180" width="170" height="110"/>
</OView>
<OView class="oracle.dbtools.crest.swingui.logical.TVEntity" oid="ECB46CD4-6965-4183-2207-11D57F03E0E3" otype="Entity" vid="5B65B15C-BDC0-698B-2C71-C7CA523C3855">
<hideElementsInCurrentOnly>false</hideElementsInCurrentOnly>
<bounds x="493" y="177" width="170" height="110"/>
</OView>
<OView class="oracle.dbtools.crest.swingui.logical.TVEntity" oid="ED219706-1ADA-7023-0080-5CDE9E764BC9" otype="Entity" vid="FDA45640-ECF7-DF93-412B-4EF2CAA25902">
<hideElementsInCurrentOnly>false</hideElementsInCurrentOnly>
<bounds x="221" y="364" width="261" height="176"/>
</OView>
<OView class="oracle.dbtools.crest.swingui.logical.TVEntity" oid="F4EB4214-1FFA-38EB-04CB-44B0417B1F72" otype="Entity" vid="7352DF1F-0E2F-FA94-C0AA-474BD9F37B0E">
<hideElementsInCurrentOnly>false</hideElementsInCurrentOnly>
<bounds x="265" y="598" width="170" height="110"/>
</OView>
<OView class="oracle.dbtools.crest.swingui.logical.TVEntity" oid="FF8A7096-746D-E16A-7CB1-B34118832BD7" otype="Entity" vid="3D217AE9-F30A-9A66-C8E6-40BD4A672894">
<hideElementsInCurrentOnly>false</hideElementsInCurrentOnly>
<bounds x="379" y="61" width="480" height="250"/>
</OView>
</objectViews>
<connectors>
<Connector class="oracle.dbtools.crest.swingui.logical.TVInheritanceRelation" oid="0CC3EC15-A44D-03EA-9C86-96135A6FCE07" otype="Hierarchy relation" vid_source="FDA45640-ECF7-DF93-412B-4EF2CAA25902" vid_target="85C1FD7B-9401-49C6-DFE1-D2C9836BBFB3">
<hideElementsInCurrentOnly>false</hideElementsInCurrentOnly>
<backgroundColor>-65536</backgroundColor>
<lineWidth>1</lineWidth>
</Connector>
<Connector class="oracle.dbtools.crest.swingui.logical.TVRelation" oid="11ECE603-B433-48D9-DFAF-4B23887D4FB4" otype="Relation" vid_source="FDA45640-ECF7-DF93-412B-4EF2CAA25902" vid_target="7352DF1F-0E2F-FA94-C0AA-474BD9F37B0E">
<hideElementsInCurrentOnly>false</hideElementsInCurrentOnly>
<backgroundColor>-16777216</backgroundColor>
<lineWidth>1</lineWidth>
<points>
<point x="350" y="540"/>
<point x="350" y="598"/>
</points>
</Connector>
<Connector class="oracle.dbtools.crest.swingui.logical.TVRelation" oid="1491F83F-7200-4A85-2FB6-B31AA31E70EC" otype="Relation" vid_source="7352DF1F-0E2F-FA94-C0AA-474BD9F37B0E" vid_target="FA6CE3F9-E878-7AA8-0B60-3DC0DF2AA057">
<hideElementsInCurrentOnly>false</hideElementsInCurrentOnly>
<backgroundColor>-16777216</backgroundColor>
<lineWidth>1</lineWidth>
<points>
<point x="435" y="657"/>
<point x="802" y="657"/>
</points>
</Connector>
<Connector class="oracle.dbtools.crest.swingui.logical.TVRelation" oid="1AF182DE-B129-769A-6735-AE9BA387B6A1" otype="Relation" vid_source="5B65B15C-BDC0-698B-2C71-C7CA523C3855" vid_target="FDA45640-ECF7-DF93-412B-4EF2CAA25902">
<hideElementsInCurrentOnly>false</hideElementsInCurrentOnly>
<backgroundColor>-16777216</backgroundColor>
<lineWidth>1</lineWidth>
<points>
<point x="521" y="287"/>
<point x="442" y="364"/>
</points>
</Connector>
<Connector class="oracle.dbtools.crest.swingui.logical.TVInheritanceRelation" oid="2A2D40FA-A7BB-B92E-FF4C-442270D22BC6" otype="Hierarchy relation" vid_source="3D217AE9-F30A-9A66-C8E6-40BD4A672894" vid_target="EF8A0E7C-0526-026D-8231-B3BA347BCFE7">
<hideElementsInCurrentOnly>false</hideElementsInCurrentOnly>
<backgroundColor>-65536</backgroundColor>
<lineWidth>1</lineWidth>
</Connector>
<Connector class="oracle.dbtools.crest.swingui.logical.TVRelation" oid="77052975-120E-AD27-363F-03C8043F8BEA" otype="Relation" vid_source="6719C5A5-71DF-BDD0-180F-6FAAB550761C" vid_target="FA6CE3F9-E878-7AA8-0B60-3DC0DF2AA057">
<hideElementsInCurrentOnly>false</hideElementsInCurrentOnly>
<backgroundColor>-16777216</backgroundColor>
<lineWidth>1</lineWidth>
<points>
<point x="882" y="538"/>
<point x="882" y="606"/>
</points>
</Connector>
<Connector class="oracle.dbtools.crest.swingui.logical.TVRelation" oid="7B704D7D-6F95-9464-8C3A-7EAEF70A0210" otype="Relation" vid_source="6719C5A5-71DF-BDD0-180F-6FAAB550761C" vid_target="EF8A0E7C-0526-026D-8231-B3BA347BCFE7">
<hideElementsInCurrentOnly>false</hideElementsInCurrentOnly>
<backgroundColor>-16777216</backgroundColor>
<lineWidth>1</lineWidth>
<points>
<point x="818" y="428"/>
<point x="818" y="290"/>
</points>
</Connector>
<Connector class="oracle.dbtools.crest.swingui.logical.TVInheritanceRelation" oid="CBA3E779-13FE-49A4-2A47-184A119AA641" otype="Hierarchy relation" vid_source="3D217AE9-F30A-9A66-C8E6-40BD4A672894" vid_target="5B65B15C-BDC0-698B-2C71-C7CA523C3855">
<hideElementsInCurrentOnly>false</hideElementsInCurrentOnly>
<backgroundColor>-65536</backgroundColor>
<lineWidth>1</lineWidth>
</Connector>
<Connector class="oracle.dbtools.crest.swingui.logical.TVInheritanceRelation" oid="E8D9B007-E602-4E3F-9DA8-0959FA30F3EB" otype="Hierarchy relation" vid_source="FDA45640-ECF7-DF93-412B-4EF2CAA25902" vid_target="57AE500A-C214-E1C2-EA73-A5C6512A2FF1">
<hideElementsInCurrentOnly>false</hideElementsInCurrentOnly>
<backgroundColor>-65536</backgroundColor>
<lineWidth>1</lineWidth>
</Connector>
</connectors>
</Diagram>