<?xml version = '1.0' encoding = 'UTF-8'?>
<Relation class="oracle.dbtools.crest.model.design.logical.Relation" name="Producto - OperacionBancaria" directorySegmentName="seg_0" id="11ECE603-B433-48D9-DFAF-4B23887D4FB4">
<createdBy>marti</createdBy>
<createdTime>2024-02-17 20:49:17 UTC</createdTime>
<ownerDesignName>ER1</ownerDesignName>
<engineerTo>
<item key="AABC74D7-6AD5-638B-FB7E-749E50B6A7E0" value="true"/>
</engineerTo>
<sourcePk>C4A89D04-309C-804C-6BC9-0488F6FB9749</sourcePk>
<targetPk>4DEDD5F9-8425-1969-B8F6-5C91AEEA67E7</targetPk>
<identifying>false</identifying>
<optionalSource>false</optionalSource>
<optionalTarget>false</optionalTarget>
<sourceCardinality>1</sourceCardinality>
<sourceEntity>ED219706-1ADA-7023-0080-5CDE9E764BC9</sourceEntity>
<targetCardinalityString>*</targetCardinalityString>
<targetEntity>F4EB4214-1FFA-38EB-04CB-44B0417B1F72</targetEntity>
<transferable>true</transferable>
<deleteRule>NO ACTION</deleteRule>
</Relation>