<?xml version = '1.0' encoding = 'UTF-8'?>
<Relation class="oracle.dbtools.crest.model.design.logical.Relation" name="OperacionBancaria - PuntoDeAtencion" directorySegmentName="seg_0" id="1491F83F-7200-4A85-2FB6-B31AA31E70EC">
<createdBy>marti</createdBy>
<createdTime>2024-02-15 16:21:58 UTC</createdTime>
<ownerDesignName>ER1</ownerDesignName>
<engineerTo>
<item key="AABC74D7-6AD5-638B-FB7E-749E50B6A7E0" value="true"/>
</engineerTo>
<sourcePk>4DEDD5F9-8425-1969-B8F6-5C91AEEA67E7</sourcePk>
<targetPk>EC222C6B-61EF-22ED-9F9A-3963EB5D676A</targetPk>
<identifying>false</identifying>
<optionalSource>false</optionalSource>
<optionalTarget>false</optionalTarget>
<sourceCardinality>*</sourceCardinality>
<sourceEntity>F4EB4214-1FFA-38EB-04CB-44B0417B1F72</sourceEntity>
<targetCardinalityString>1</targetCardinalityString>
<targetEntity>54DD238B-AE1C-319B-173D-B38439F83B72</targetEntity>
<transferable>true</transferable>
<deleteRule>NO ACTION</deleteRule>
</Relation>