<?xml version = '1.0' encoding = 'UTF-8'?>
<Relation class="oracle.dbtools.crest.model.design.logical.Relation" name="Relation_8" directorySegmentName="seg_0" id="1AF182DE-B129-769A-6735-AE9BA387B6A1">
<createdBy>marti</createdBy>
<createdTime>2024-02-17 20:45:59 UTC</createdTime>
<ownerDesignName>ER1</ownerDesignName>
<engineerTo>
<item key="AABC74D7-6AD5-638B-FB7E-749E50B6A7E0" value="true"/>
</engineerTo>
<sourcePk>13CCA1C0-8BA7-FF95-CF5D-AEDA997C909F</sourcePk>
<identifying>false</identifying>
<optionalSource>false</optionalSource>
<optionalTarget>true</optionalTarget>
<sourceCardinality>1</sourceCardinality>
<sourceEntity>ECB46CD4-6965-4183-2207-11D57F03E0E3</sourceEntity>
<targetCardinalityString>*</targetCardinalityString>
<targetEntity>ED219706-1ADA-7023-0080-5CDE9E764BC9</targetEntity>
<transferable>true</transferable>
<deleteRule>NO ACTION</deleteRule>
</Relation>