<?xml version = '1.0' encoding = 'UTF-8'?>
<Relation class="oracle.dbtools.crest.model.design.logical.Relation" name="Oficina - PuntoDeAtencion" directorySegmentName="seg_0" id="77052975-120E-AD27-363F-03C8043F8BEA">
<createdBy>marti</createdBy>
<createdTime>2024-02-15 16:21:16 UTC</createdTime>
<ownerDesignName>ER1</ownerDesignName>
<engineerTo>
<item key="AABC74D7-6AD5-638B-FB7E-749E50B6A7E0" value="true"/>
</engineerTo>
<sourcePk>C91034A5-1E8E-88EF-F7E2-795401FD0588</sourcePk>
<identifying>false</identifying>
<optionalSource>false</optionalSource>
<optionalTarget>false</optionalTarget>
<sourceCardinality>1</sourceCardinality>
<sourceEntity>42F2EF53-FE98-D09D-2174-9942080788B2</sourceEntity>
<targetCardinalityString>*</targetCardinalityString>
<targetEntity>54DD238B-AE1C-319B-173D-B38439F83B72</targetEntity>
<transferable>true</transferable>
<deleteRule>NO ACTION</deleteRule>
</Relation>