<?xml version = '1.0' encoding = 'UTF-8'?>
<Relation class="oracle.dbtools.crest.model.design.logical.Relation" name="Oficina - Empleado" directorySegmentName="seg_0" id="7B704D7D-6F95-9464-8C3A-7EAEF70A0210">
<createdBy>marti</createdBy>
<createdTime>2024-02-15 16:20:48 UTC</createdTime>
<ownerDesignName>ER1</ownerDesignName>
<engineerTo>
<item key="AABC74D7-6AD5-638B-FB7E-749E50B6A7E0" value="true"/>
</engineerTo>
<sourcePk>C91034A5-1E8E-88EF-F7E2-795401FD0588</sourcePk>
<identifying>false</identifying>
<optionalSource>false</optionalSource>
<optionalTarget>false</optionalTarget>
<sourceCardinality>1</sourceCardinality>
<sourceEntity>42F2EF53-FE98-D09D-2174-9942080788B2</sourceEntity>
<targetCardinalityString>*</targetCardinalityString>
<targetEntity>B86C74D8-0A2D-902B-10A5-29DC4B952677</targetEntity>
<transferable>true</transferable>
<deleteRule>NO ACTION</deleteRule>
</Relation>