<?xml version = '1.0' encoding = 'UTF-8'?>
<relationalModel class="oracle.dbtools.crest.model.design.relational.RelationalDesign" name="Relational_1" id="AABC74D7-6AD5-638B-FB7E-749E50B6A7E0" mainViewID="EE44BFD6-EB9C-0B7F-C6ED-B761BC2A1A6E">
<createdBy>marti</createdBy>
<createdTime>2024-02-15 16:02:54 UTC</createdTime>
<ownerDesignName>Entrega1SisTrans</ownerDesignName>
<shouldBeOpen>true</shouldBeOpen>
<selectedRDBMSSite>32076570-2523-435C-2E92-BF29817DFF70</selectedRDBMSSite>
</relationalModel>