<?xml version = '1.0' encoding = 'UTF-8'?>
<Entity class="oracle.dbtools.crest.model.design.logical.Entity" directorySegmentName="seg_0" id="381B72F9-65A5-03A4-C134-A7639CE37DE9" name="Prestamo">
<createdBy>marti</createdBy>
<createdTime>2024-02-17 20:51:02 UTC</createdTime>
<ownerDesignName>ER1</ownerDesignName>
<engineerTo>
<item key="AABC74D7-6AD5-638B-FB7E-749E50B6A7E0" value="true"/>
</engineerTo>
<adequatelyNormalized>NO</adequatelyNormalized>
<expectedVolumes>0</expectedVolumes>
<fwdEngineeringStrategyName>Single Table</fwdEngineeringStrategyName>
<growthPercent>0</growthPercent>
<growthType>Year</growthType>
<hierarchicalParent>ED219706-1ADA-7023-0080-5CDE9E764BC9</hierarchicalParent>
<maxVolumes>9999999</maxVolumes>
<minVolumes>0</minVolumes>
<normalForm>Third</normalForm>
<attributes itemClass="oracle.dbtools.crest.model.design.logical.Attribute">
<Attribute name="interes" id="0A983D2E-CCB1-22BD-80FB-24E150BBE9B0">
<createdBy>marti</createdBy>
<createdTime>2024-02-17 20:51:14 UTC</createdTime>
<ownerDesignName>ER1</ownerDesignName>
<engineerTo>
<item key="AABC74D7-6AD5-638B-FB7E-749E50B6A7E0" value="true"/>
</engineerTo>
<use>0</use>
<ownDataTypeParameters>,,</ownDataTypeParameters>
</Attribute>
<Attribute name="valorCuota" id="6C7047AC-09FF-28DE-76AE-CF2E324D3EE6">
<createdBy>marti</createdBy>
<createdTime>2024-02-17 20:51:43 UTC</createdTime>
<ownerDesignName>ER1</ownerDesignName>
<engineerTo>
<item key="AABC74D7-6AD5-638B-FB7E-749E50B6A7E0" value="true"/>
</engineerTo>
<use>0</use>
<ownDataTypeParameters>,,</ownDataTypeParameters>
</Attribute>
<Attribute name="cuotas" id="7BC318AD-3AE9-5F71-66FF-41AF2227D5E9">
<createdBy>marti</createdBy>
<createdTime>2024-02-17 20:51:49 UTC</createdTime>
<ownerDesignName>ER1</ownerDesignName>
<engineerTo>
<item key="AABC74D7-6AD5-638B-FB7E-749E50B6A7E0" value="true"/>
</engineerTo>
<use>0</use>
<ownDataTypeParameters>,,</ownDataTypeParameters>
</Attribute>
<Attribute name="monto" id="31568E6B-38F1-3AFD-FC4E-BDF5F01AF958">
<createdBy>marti</createdBy>
<createdTime>2024-02-18 22:53:13 UTC</createdTime>
<ownerDesignName>ER1</ownerDesignName>
<engineerTo>
<item key="AABC74D7-6AD5-638B-FB7E-749E50B6A7E0" value="true"/>
</engineerTo>
<use>0</use>
<ownDataTypeParameters>,,</ownDataTypeParameters>
</Attribute>
<Attribute name="diaCorte" id="760C7F6A-C160-FEC1-789C-40EB2D185A83">
<createdBy>marti</createdBy>
<createdTime>2024-02-18 22:53:18 UTC</createdTime>
<ownerDesignName>ER1</ownerDesignName>
<engineerTo>
<item key="AABC74D7-6AD5-638B-FB7E-749E50B6A7E0" value="true"/>
</engineerTo>
<nullsAllowed>true</nullsAllowed>
<use>0</use>
<ownDataTypeParameters>,,</ownDataTypeParameters>
</Attribute>
</attributes>
<identifiers itemClass="oracle.dbtools.crest.model.design.logical.CandidateKey">
<identifier id="63C9D4A0-BE27-4E25-382F-7347A6CA3E7E" name="Prestamo PK">
<createdBy>marti</createdBy>
<createdTime>2024-02-18 22:53:17 UTC</createdTime>
<ownerDesignName>ER1</ownerDesignName>
<engineerTo>
<item key="AABC74D7-6AD5-638B-FB7E-749E50B6A7E0" value="true"/>
</engineerTo>
<pk>true</pk>
<usedAttributes>
<attributeRef>31568E6B-38F1-3AFD-FC4E-BDF5F01AF958</attributeRef>
</usedAttributes>
</identifier>
</identifiers>
</Entity>