<?xml version = '1.0' encoding = 'UTF-8'?>
<Entity class="oracle.dbtools.crest.model.design.logical.Entity" directorySegmentName="seg_0" id="42F2EF53-FE98-D09D-2174-9942080788B2" name="Oficina">
<createdBy>marti</createdBy>
<createdTime>2024-02-15 16:13:01 UTC</createdTime>
<ownerDesignName>ER1</ownerDesignName>
<engineerTo>
<item key="AABC74D7-6AD5-638B-FB7E-749E50B6A7E0" value="true"/>
</engineerTo>
<adequatelyNormalized>NO</adequatelyNormalized>
<expectedVolumes>0</expectedVolumes>
<fwdEngineeringStrategyName>Single Table</fwdEngineeringStrategyName>
<growthPercent>0</growthPercent>
<growthType>Year</growthType>
<maxVolumes>9999999</maxVolumes>
<minVolumes>0</minVolumes>
<normalForm>Third</normalForm>
<attributes itemClass="oracle.dbtools.crest.model.design.logical.Attribute">
<Attribute name="nombre" id="9699708A-8492-1F2B-321A-ADDCA4EA57BE">
<createdBy>marti</createdBy>
<createdTime>2024-02-15 16:13:28 UTC</createdTime>
<ownerDesignName>ER1</ownerDesignName>
<engineerTo>
<item key="AABC74D7-6AD5-638B-FB7E-749E50B6A7E0" value="true"/>
</engineerTo>
<use>0</use>
<ownDataTypeParameters>,,</ownDataTypeParameters>
</Attribute>
<Attribute name="direccion" id="03DBA4AC-1C9F-22B3-BFEE-FF950308CF85">
<createdBy>marti</createdBy>
<createdTime>2024-02-15 16:13:32 UTC</createdTime>
<ownerDesignName>ER1</ownerDesignName>
<engineerTo>
<item key="AABC74D7-6AD5-638B-FB7E-749E50B6A7E0" value="true"/>
</engineerTo>
<use>0</use>
<ownDataTypeParameters>,,</ownDataTypeParameters>
</Attribute>
<Attribute name="numPuntosAtencion" id="38AC8D40-46A0-AB62-7528-8E9A1427BA4F">
<createdBy>marti</createdBy>
<createdTime>2024-02-15 16:13:38 UTC</createdTime>
<ownerDesignName>ER1</ownerDesignName>
<engineerTo>
<item key="AABC74D7-6AD5-638B-FB7E-749E50B6A7E0" value="true"/>
</engineerTo>
<use>0</use>
<ownDataTypeParameters>,,</ownDataTypeParameters>
</Attribute>
</attributes>
<identifiers itemClass="oracle.dbtools.crest.model.design.logical.CandidateKey">
<identifier id="C91034A5-1E8E-88EF-F7E2-795401FD0588" name="Oficina PK">
<createdBy>marti</createdBy>
<createdTime>2024-02-17 19:18:06 UTC</createdTime>
<ownerDesignName>ER1</ownerDesignName>
<engineerTo>
<item key="AABC74D7-6AD5-638B-FB7E-749E50B6A7E0" value="true"/>
</engineerTo>
<pk>true</pk>
<usedAttributes>
<attributeRef>9699708A-8492-1F2B-321A-ADDCA4EA57BE</attributeRef>
</usedAttributes>
</identifier>
</identifiers>
</Entity>