<?xml version = '1.0' encoding = 'UTF-8'?>
<Entity class="oracle.dbtools.crest.model.design.logical.Entity" directorySegmentName="seg_0" id="54DD238B-AE1C-319B-173D-B38439F83B72" name="PuntoDeAtencion">
<createdBy>marti</createdBy>
<createdTime>2024-02-15 16:15:54 UTC</createdTime>
<ownerDesignName>ER1</ownerDesignName>
<engineerTo>
<item key="AABC74D7-6AD5-638B-FB7E-749E50B6A7E0" value="true"/>
</engineerTo>
<adequatelyNormalized>NO</adequatelyNormalized>
<expectedVolumes>0</expectedVolumes>
<fwdEngineeringStrategyName>Single Table</fwdEngineeringStrategyName>
<growthPercent>0</growthPercent>
<growthType>Year</growthType>
<maxVolumes>9999999</maxVolumes>
<minVolumes>0</minVolumes>
<normalForm>Third</normalForm>
<attributes itemClass="oracle.dbtools.crest.model.design.logical.Attribute">
<Attribute name="nombre1" id="97C8453F-A78A-E37B-88C6-A9F2C40DB181">
<createdBy>marti</createdBy>
<createdTime>2024-02-17 19:30:41 UTC</createdTime>
<ownerDesignName>ER1</ownerDesignName>
<engineerTo>
<item key="AABC74D7-6AD5-638B-FB7E-749E50B6A7E0" value="true"/>
</engineerTo>
<use>0</use>
<ownDataTypeParameters>,,</ownDataTypeParameters>
</Attribute>
<Attribute name="localizacion" id="1A42E4D8-14D3-F459-5DB6-8DEBAE20BD2F">
<createdBy>marti</createdBy>
<createdTime>2024-02-15 16:16:14 UTC</createdTime>
<ownerDesignName>ER1</ownerDesignName>
<engineerTo>
<item key="AABC74D7-6AD5-638B-FB7E-749E50B6A7E0" value="true"/>
</engineerTo>
<use>0</use>
<ownDataTypeParameters>,,</ownDataTypeParameters>
</Attribute>
<Attribute name="nombre" id="3F1CAA8A-75C0-B313-808C-2AF56C2F6D43">
<createdBy>marti</createdBy>
<createdTime>2024-02-17 19:18:08 UTC</createdTime>
<generatorID>77052975-120E-AD27-363F-03C8043F8BEA</generatorID>
<ownerDesignName>ER1</ownerDesignName>
<engineerTo>
<item key="AABC74D7-6AD5-638B-FB7E-749E50B6A7E0" value="true"/>
</engineerTo>
<referedAttribute>9699708A-8492-1F2B-321A-ADDCA4EA57BE</referedAttribute>
<use>0</use>
<ownDataTypeParameters>,,</ownDataTypeParameters>
</Attribute>
<Attribute name="tipo" id="3D2489D1-9A28-F467-2293-8CB9983CDAF5">
<createdBy>marti</createdBy>
<createdTime>2024-02-17 21:17:20 UTC</createdTime>
<ownerDesignName>ER1</ownerDesignName>
<engineerTo>
<item key="AABC74D7-6AD5-638B-FB7E-749E50B6A7E0" value="true"/>
</engineerTo>
<use>0</use>
<ownDataTypeParameters>,,</ownDataTypeParameters>
</Attribute>
</attributes>
<identifiers itemClass="oracle.dbtools.crest.model.design.logical.CandidateKey">
<identifier id="EC222C6B-61EF-22ED-9F9A-3963EB5D676A" name="PuntoDeAtencion PK">
<createdBy>marti</createdBy>
<createdTime>2024-02-17 19:20:19 UTC</createdTime>
<ownerDesignName>ER1</ownerDesignName>
<engineerTo>
<item key="AABC74D7-6AD5-638B-FB7E-749E50B6A7E0" value="true"/>
</engineerTo>
<pk>true</pk>
<usedAttributes>
<attributeRef>97C8453F-A78A-E37B-88C6-A9F2C40DB181</attributeRef>
</usedAttributes>
</identifier>
</identifiers>
</Entity>