<?xml version = '1.0' encoding = 'UTF-8'?>
<Entity class="oracle.dbtools.crest.model.design.logical.Entity" directorySegmentName="seg_0" id="B86C74D8-0A2D-902B-10A5-29DC4B952677" name="Empleado">
<createdBy>marti</createdBy>
<createdTime>2024-02-15 16:05:43 UTC</createdTime>
<ownerDesignName>ER1</ownerDesignName>
<engineerTo>
<item key="AABC74D7-6AD5-638B-FB7E-749E50B6A7E0" value="true"/>
</engineerTo>
<adequatelyNormalized>NO</adequatelyNormalized>
<expectedVolumes>0</expectedVolumes>
<fwdEngineeringStrategyName>Single Table</fwdEngineeringStrategyName>
<growthPercent>0</growthPercent>
<growthType>Year</growthType>
<hierarchicalParent>FF8A7096-746D-E16A-7CB1-B34118832BD7</hierarchicalParent>
<maxVolumes>9999999</maxVolumes>
<minVolumes>0</minVolumes>
<normalForm>Third</normalForm>
<attributes itemClass="oracle.dbtools.crest.model.design.logical.Attribute">
<Attribute name="tipoPersona" id="D5CE6BCD-91F2-CC7B-194D-9F29EF1EA0A5">
<createdBy>marti</createdBy>
<createdTime>2024-02-15 16:05:56 UTC</createdTime>
<ownerDesignName>ER1</ownerDesignName>
<engineerTo>
<item key="AABC74D7-6AD5-638B-FB7E-749E50B6A7E0" value="true"/>
</engineerTo>
<use>0</use>
<ownDataTypeParameters>,,</ownDataTypeParameters>
</Attribute>
<Attribute name="nombre" id="3AAB4D56-A0A1-1C46-2FEF-721AE271B5B7">
<createdBy>marti</createdBy>
<createdTime>2024-02-17 19:18:08 UTC</createdTime>
<generatorID>7B704D7D-6F95-9464-8C3A-7EAEF70A0210</generatorID>
<ownerDesignName>ER1</ownerDesignName>
<engineerTo>
<item key="AABC74D7-6AD5-638B-FB7E-749E50B6A7E0" value="true"/>
</engineerTo>
<referedAttribute>9699708A-8492-1F2B-321A-ADDCA4EA57BE</referedAttribute>
<use>0</use>
<ownDataTypeParameters>,,</ownDataTypeParameters>
</Attribute>
<Attribute name="salario" id="02D95748-9960-53EE-7713-047EFE2198E8">
<createdBy>marti</createdBy>
<createdTime>2024-02-17 20:39:04 UTC</createdTime>
<ownerDesignName>ER1</ownerDesignName>
<engineerTo>
<item key="AABC74D7-6AD5-638B-FB7E-749E50B6A7E0" value="true"/>
</engineerTo>
<use>0</use>
<ownDataTypeParameters>,,</ownDataTypeParameters>
</Attribute>
</attributes>
</Entity>