<?xml version = '1.0' encoding = 'UTF-8'?>
<Entity class="oracle.dbtools.crest.model.design.logical.Entity" directorySegmentName="seg_0" id="ED219706-1ADA-7023-0080-5CDE9E764BC9" name="Producto">
<createdBy>marti</createdBy>
<createdTime>2024-02-17 20:40:23 UTC</createdTime>
<ownerDesignName>ER1</ownerDesignName>
<engineerTo>
<item key="AABC74D7-6AD5-638B-FB7E-749E50B6A7E0" value="true"/>
</engineerTo>
<adequatelyNormalized>NO</adequatelyNormalized>
<expectedVolumes>0</expectedVolumes>
<fwdEngineeringStrategyName>Single Table</fwdEngineeringStrategyName>
<growthPercent>0</growthPercent>
<growthType>Year</growthType>
<maxVolumes>9999999</maxVolumes>
<minVolumes>0</minVolumes>
<normalForm>Third</normalForm>
<attributes itemClass="oracle.dbtools.crest.model.design.logical.Attribute">
<Attribute name="id" id="C1B2248E-F392-DB96-2A0D-0A4B8A60B95D">
<createdBy>marti</createdBy>
<createdTime>2024-02-17 20:44:07 UTC</createdTime>
<ownerDesignName>ER1</ownerDesignName>
<engineerTo>
<item key="AABC74D7-6AD5-638B-FB7E-749E50B6A7E0" value="true"/>
</engineerTo>
<use>0</use>
<ownDataTypeParameters>,,</ownDataTypeParameters>
</Attribute>
<Attribute name="estado" id="7AE202C3-EC05-D66B-49CB-511127B56079">
<createdBy>marti</createdBy>
<createdTime>2024-02-17 20:43:57 UTC</createdTime>
<ownerDesignName>ER1</ownerDesignName>
<engineerTo>
<item key="AABC74D7-6AD5-638B-FB7E-749E50B6A7E0" value="true"/>
</engineerTo>
<use>0</use>
<ownDataTypeParameters>,,</ownDataTypeParameters>
</Attribute>
<Attribute name="tipo" id="3AD222CB-8792-CD62-F6EE-273850B65550">
<createdBy>marti</createdBy>
<createdTime>2024-02-17 20:44:03 UTC</createdTime>
<ownerDesignName>ER1</ownerDesignName>
<engineerTo>
<item key="AABC74D7-6AD5-638B-FB7E-749E50B6A7E0" value="true"/>
</engineerTo>
<use>0</use>
<ownDataTypeParameters>,,</ownDataTypeParameters>
</Attribute>
<Attribute name="numeroDocumento" id="FDFF9108-F4FD-F8BE-1752-F019EE135E33">
<createdBy>marti</createdBy>
<createdTime>2024-02-17 20:45:59 UTC</createdTime>
<generatorID>1AF182DE-B129-769A-6735-AE9BA387B6A1</generatorID>
<ownerDesignName>ER1</ownerDesignName>
<engineerTo>
<item key="AABC74D7-6AD5-638B-FB7E-749E50B6A7E0" value="true"/>
</engineerTo>
<nullsAllowed>true</nullsAllowed>
<referedAttribute>406B1B08-A2C1-4EE8-7D73-D5471FAB5388</referedAttribute>
<use>0</use>
<ownDataTypeParameters>,,</ownDataTypeParameters>
</Attribute>
</attributes>
<identifiers itemClass="oracle.dbtools.crest.model.design.logical.CandidateKey">
<identifier id="C4A89D04-309C-804C-6BC9-0488F6FB9749" name="Producto PK">
<createdBy>marti</createdBy>
<createdTime>2024-02-17 20:44:11 UTC</createdTime>
<ownerDesignName>ER1</ownerDesignName>
<engineerTo>
<item key="AABC74D7-6AD5-638B-FB7E-749E50B6A7E0" value="true"/>
</engineerTo>
<pk>true</pk>
<usedAttributes>
<attributeRef>C1B2248E-F392-DB96-2A0D-0A4B8A60B95D</attributeRef>
</usedAttributes>
</identifier>
</identifiers>
</Entity>