<?xml version = '1.0' encoding = 'UTF-8'?>
<Entity class="oracle.dbtools.crest.model.design.logical.Entity" directorySegmentName="seg_0" id="F4EB4214-1FFA-38EB-04CB-44B0417B1F72" name="OperacionBancaria">
<createdBy>marti</createdBy>
<createdTime>2024-02-15 16:08:10 UTC</createdTime>
<ownerDesignName>ER1</ownerDesignName>
<engineerTo>
<item key="AABC74D7-6AD5-638B-FB7E-749E50B6A7E0" value="true"/>
</engineerTo>
<adequatelyNormalized>NO</adequatelyNormalized>
<expectedVolumes>0</expectedVolumes>
<fwdEngineeringStrategyName>Single Table</fwdEngineeringStrategyName>
<growthPercent>0</growthPercent>
<growthType>Year</growthType>
<maxVolumes>9999999</maxVolumes>
<minVolumes>0</minVolumes>
<normalForm>Third</normalForm>
<attributes itemClass="oracle.dbtools.crest.model.design.logical.Attribute">
<Attribute name="id_1" id="7C459644-7E5D-9615-46BA-03B1EF39B56B">
<createdBy>marti</createdBy>
<createdTime>2024-02-17 19:20:03 UTC</createdTime>
<ownerDesignName>ER1</ownerDesignName>
<engineerTo>
<item key="AABC74D7-6AD5-638B-FB7E-749E50B6A7E0" value="true"/>
</engineerTo>
<use>0</use>
<ownDataTypeParameters>,,</ownDataTypeParameters>
</Attribute>
<Attribute name="hora" id="2446B1A8-0A63-CC5E-726F-4241EDBA5128">
<createdBy>marti</createdBy>
<createdTime>2024-02-15 16:08:44 UTC</createdTime>
<ownerDesignName>ER1</ownerDesignName>
<engineerTo>
<item key="AABC74D7-6AD5-638B-FB7E-749E50B6A7E0" value="true"/>
</engineerTo>
<use>0</use>
<ownDataTypeParameters>,,</ownDataTypeParameters>
</Attribute>
<Attribute name="fecha" id="5FA4FC6F-A472-D23F-0662-127DA5294464">
<createdBy>marti</createdBy>
<createdTime>2024-02-15 16:08:49 UTC</createdTime>
<ownerDesignName>ER1</ownerDesignName>
<engineerTo>
<item key="AABC74D7-6AD5-638B-FB7E-749E50B6A7E0" value="true"/>
</engineerTo>
<use>0</use>
<ownDataTypeParameters>,,</ownDataTypeParameters>
</Attribute>
<Attribute name="nombre1" id="B02F10A7-1539-5743-FAEE-33C7FCE462BB">
<createdBy>marti</createdBy>
<createdTime>2024-02-17 20:25:09 UTC</createdTime>
<generatorID>1491F83F-7200-4A85-2FB6-B31AA31E70EC</generatorID>
<ownerDesignName>ER1</ownerDesignName>
<engineerTo>
<item key="AABC74D7-6AD5-638B-FB7E-749E50B6A7E0" value="true"/>
</engineerTo>
<referedAttribute>97C8453F-A78A-E37B-88C6-A9F2C40DB181</referedAttribute>
<use>0</use>
<ownDataTypeParameters>,,</ownDataTypeParameters>
</Attribute>
<Attribute name="valor" id="A48466A1-876F-E75D-4119-C91BF88E47EF">
<createdBy>marti</createdBy>
<createdTime>2024-02-17 20:27:17 UTC</createdTime>
<ownerDesignName>ER1</ownerDesignName>
<engineerTo>
<item key="AABC74D7-6AD5-638B-FB7E-749E50B6A7E0" value="true"/>
</engineerTo>
<use>0</use>
<ownDataTypeParameters>,,</ownDataTypeParameters>
</Attribute>
<Attribute name="tipo" id="0716E7D6-2A33-FA25-2E2A-2D07047020D5">
<createdBy>marti</createdBy>
<createdTime>2024-02-17 20:30:46 UTC</createdTime>
<ownerDesignName>ER1</ownerDesignName>
<engineerTo>
<item key="AABC74D7-6AD5-638B-FB7E-749E50B6A7E0" value="true"/>
</engineerTo>
<use>0</use>
<ownDataTypeParameters>,,</ownDataTypeParameters>
</Attribute>
<Attribute name="id" id="C1765B36-0F90-6F3F-798C-113F7A14069C">
<createdBy>marti</createdBy>
<createdTime>2024-02-17 21:16:11 UTC</createdTime>
<generatorID>11ECE603-B433-48D9-DFAF-4B23887D4FB4</generatorID>
<ownerDesignName>ER1</ownerDesignName>
<engineerTo>
<item key="AABC74D7-6AD5-638B-FB7E-749E50B6A7E0" value="true"/>
</engineerTo>
<referedAttribute>C1B2248E-F392-DB96-2A0D-0A4B8A60B95D</referedAttribute>
<use>0</use>
<ownDataTypeParameters>,,</ownDataTypeParameters>
</Attribute>
</attributes>
<identifiers itemClass="oracle.dbtools.crest.model.design.logical.CandidateKey">
<identifier id="4DEDD5F9-8425-1969-B8F6-5C91AEEA67E7" name="OperacionBancaria PK">
<createdBy>marti</createdBy>
<createdTime>2024-02-17 19:18:37 UTC</createdTime>
<ownerDesignName>ER1</ownerDesignName>
<engineerTo>
<item key="AABC74D7-6AD5-638B-FB7E-749E50B6A7E0" value="true"/>
</engineerTo>
<pk>true</pk>
<usedAttributes>
<attributeRef>7C459644-7E5D-9615-46BA-03B1EF39B56B</attributeRef>
</usedAttributes>
</identifier>
</identifiers>
</Entity>