<?xml version = '1.0' encoding = 'UTF-8'?>
<Entity class="oracle.dbtools.crest.model.design.logical.Entity" directorySegmentName="seg_0" id="FF8A7096-746D-E16A-7CB1-B34118832BD7" name="Persona">
<createdBy>marti</createdBy>
<createdTime>2024-02-15 16:03:25 UTC</createdTime>
<ownerDesignName>ER1</ownerDesignName>
<engineerTo>
<item key="AABC74D7-6AD5-638B-FB7E-749E50B6A7E0" value="true"/>
</engineerTo>
<adequatelyNormalized>NO</adequatelyNormalized>
<expectedVolumes>0</expectedVolumes>
<fwdEngineeringStrategyName>Single Table</fwdEngineeringStrategyName>
<growthPercent>0</growthPercent>
<growthType>Year</growthType>
<maxVolumes>9999999</maxVolumes>
<minVolumes>0</minVolumes>
<normalForm>Third</normalForm>
<attributes itemClass="oracle.dbtools.crest.model.design.logical.Attribute">
<Attribute name="numeroDocumento" id="406B1B08-A2C1-4EE8-7D73-D5471FAB5388">
<createdBy>marti</createdBy>
<createdTime>2024-02-15 16:03:44 UTC</createdTime>
<ownerDesignName>ER1</ownerDesignName>
<engineerTo>
<item key="AABC74D7-6AD5-638B-FB7E-749E50B6A7E0" value="true"/>
</engineerTo>
<use>0</use>
<ownDataTypeParameters>,,</ownDataTypeParameters>
</Attribute>
<Attribute name="tipoDocumento" id="1CA25233-2031-C2F1-055C-D2AD916CF5CC">
<createdBy>marti</createdBy>
<createdTime>2024-02-15 16:03:33 UTC</createdTime>
<ownerDesignName>ER1</ownerDesignName>
<engineerTo>
<item key="AABC74D7-6AD5-638B-FB7E-749E50B6A7E0" value="true"/>
</engineerTo>
<use>0</use>
<ownDataTypeParameters>,,</ownDataTypeParameters>
</Attribute>
<Attribute name="nombre" id="2929A289-F3C8-4AF7-00E8-2B61A71FCCB9">
<createdBy>marti</createdBy>
<createdTime>2024-02-15 16:03:51 UTC</createdTime>
<ownerDesignName>ER1</ownerDesignName>
<engineerTo>
<item key="AABC74D7-6AD5-638B-FB7E-749E50B6A7E0" value="true"/>
</engineerTo>
<use>0</use>
<ownDataTypeParameters>,,</ownDataTypeParameters>
</Attribute>
<Attribute name="nacionalidad" id="F6CBAC65-ED47-C27D-5758-78AC1C4708A5">
<createdBy>marti</createdBy>
<createdTime>2024-02-15 16:03:58 UTC</createdTime>
<ownerDesignName>ER1</ownerDesignName>
<engineerTo>
<item key="AABC74D7-6AD5-638B-FB7E-749E50B6A7E0" value="true"/>
</engineerTo>
<use>0</use>
<ownDataTypeParameters>,,</ownDataTypeParameters>
</Attribute>
<Attribute name="direccion" id="01533A74-F19D-2500-6976-62C943513CA6">
<createdBy>marti</createdBy>
<createdTime>2024-02-15 16:04:07 UTC</createdTime>
<ownerDesignName>ER1</ownerDesignName>
<engineerTo>
<item key="AABC74D7-6AD5-638B-FB7E-749E50B6A7E0" value="true"/>
</engineerTo>
<use>0</use>
<ownDataTypeParameters>,,</ownDataTypeParameters>
</Attribute>
<Attribute name="direccionElectronica" id="733CD518-C8C3-D245-DA3A-B9CA2729D4FD">
<createdBy>marti</createdBy>
<createdTime>2024-02-15 16:04:15 UTC</createdTime>
<ownerDesignName>ER1</ownerDesignName>
<engineerTo>
<item key="AABC74D7-6AD5-638B-FB7E-749E50B6A7E0" value="true"/>
</engineerTo>
<use>0</use>
<ownDataTypeParameters>,,</ownDataTypeParameters>
</Attribute>
<Attribute name="telefono" id="EC12A343-5A2D-4063-8AA0-DE12A3720F8E">
<createdBy>marti</createdBy>
<createdTime>2024-02-15 16:04:25 UTC</createdTime>
<ownerDesignName>ER1</ownerDesignName>
<engineerTo>
<item key="AABC74D7-6AD5-638B-FB7E-749E50B6A7E0" value="true"/>
</engineerTo>
<use>0</use>
<ownDataTypeParameters>,,</ownDataTypeParameters>
</Attribute>
<Attribute name="ciudad" id="4C420D65-4AEB-424C-E196-86DA42156795">
<createdBy>marti</createdBy>
<createdTime>2024-02-15 16:04:32 UTC</createdTime>
<ownerDesignName>ER1</ownerDesignName>
<engineerTo>
<item key="AABC74D7-6AD5-638B-FB7E-749E50B6A7E0" value="true"/>
</engineerTo>
<use>0</use>
<ownDataTypeParameters>,,</ownDataTypeParameters>
</Attribute>
<Attribute name="departamento" id="BC3C0D98-896B-3223-C1BB-138CF1D78ECB">
<createdBy>marti</createdBy>
<createdTime>2024-02-15 16:04:39 UTC</createdTime>
<ownerDesignName>ER1</ownerDesignName>
<engineerTo>
<item key="AABC74D7-6AD5-638B-FB7E-749E50B6A7E0" value="true"/>
</engineerTo>
<use>0</use>
<ownDataTypeParameters>,,</ownDataTypeParameters>
</Attribute>
<Attribute name="codigoPostal" id="06F7BE8E-A698-DBFC-041C-F00D9646193F">
<createdBy>marti</createdBy>
<createdTime>2024-02-15 16:04:49 UTC</createdTime>
<ownerDesignName>ER1</ownerDesignName>
<engineerTo>
<item key="AABC74D7-6AD5-638B-FB7E-749E50B6A7E0" value="true"/>
</engineerTo>
<use>0</use>
<ownDataTypeParameters>,,</ownDataTypeParameters>
</Attribute>
<Attribute name="palabraClave" id="6923B1B9-BF96-FE2B-35B0-38E11EAE1800">
<createdBy>marti</createdBy>
<createdTime>2024-02-15 16:04:57 UTC</createdTime>
<ownerDesignName>ER1</ownerDesignName>
<engineerTo>
<item key="AABC74D7-6AD5-638B-FB7E-749E50B6A7E0" value="true"/>
</engineerTo>
<use>0</use>
<ownDataTypeParameters>,,</ownDataTypeParameters>
</Attribute>
</attributes>
<identifiers itemClass="oracle.dbtools.crest.model.design.logical.CandidateKey">
<identifier id="13CCA1C0-8BA7-FF95-CF5D-AEDA997C909F" name="Persona PK">
<createdBy>marti</createdBy>
<createdTime>2024-02-17 19:31:02 UTC</createdTime>
<ownerDesignName>ER1</ownerDesignName>
<engineerTo>
<item key="AABC74D7-6AD5-638B-FB7E-749E50B6A7E0" value="true"/>
</engineerTo>
<pk>true</pk>
<usedAttributes>
<attributeRef>406B1B08-A2C1-4EE8-7D73-D5471FAB5388</attributeRef>
</usedAttributes>
</identifier>
</identifiers>
</Entity>