<?xml version = '1.0' encoding = 'UTF-8'?>
<InheritanceRelation class="oracle.dbtools.crest.model.design.logical.InheritanceRelation" name="Hierarchy_2" directorySegmentName="seg_0" id="2A2D40FA-A7BB-B92E-FF4C-442270D22BC6">
<createdBy>marti</createdBy>
<createdTime>2024-02-15 16:06:03 UTC</createdTime>
<ownerDesignName>Entrega1SisTrans</ownerDesignName>
<engineerTo>
<item key="AABC74D7-6AD5-638B-FB7E-749E50B6A7E0" value="true"/>
</engineerTo>
<identifying>false</identifying>
<nameOnSource>Super Type</nameOnSource>
<nameOnTarget>Sub Type</nameOnTarget>
<optionalSource>true</optionalSource>
<optionalTarget>true</optionalTarget>
<sourceEntity>FF8A7096-746D-E16A-7CB1-B34118832BD7</sourceEntity>
<targetEntity>B86C74D8-0A2D-902B-10A5-29DC4B952677</targetEntity>
<transferable>true</transferable>
<deleteRule>NO ACTION</deleteRule>
</InheritanceRelation>