<?xml version = '1.0' encoding = 'UTF-8'?>
<InheritanceRelation class="oracle.dbtools.crest.model.design.logical.InheritanceRelation" name="Hierarchy_1" directorySegmentName="seg_0" id="CBA3E779-13FE-49A4-2A47-184A119AA641">
<createdBy>marti</createdBy>
<createdTime>2024-02-15 16:05:41 UTC</createdTime>
<ownerDesignName>Entrega1SisTrans</ownerDesignName>
<engineerTo>
<item key="AABC74D7-6AD5-638B-FB7E-749E50B6A7E0" value="true"/>
</engineerTo>
<identifying>false</identifying>
<nameOnSource>Super Type</nameOnSource>
<nameOnTarget>Sub Type</nameOnTarget>
<optionalSource>true</optionalSource>
<optionalTarget>true</optionalTarget>
<sourceEntity>FF8A7096-746D-E16A-7CB1-B34118832BD7</sourceEntity>
<targetEntity>ECB46CD4-6965-4183-2207-11D57F03E0E3</targetEntity>
<transferable>true</transferable>
<deleteRule>NO ACTION</deleteRule>
</InheritanceRelation>